{
  "Baseline_AHours": {
    "strategy": "Baseline",
    "version": "AHours",
    "atr_period": 14,
    "rsi_period": 56,
    "sma_period": 200,
    "initial_capital": 100000,
    "final_equity": 521444.0711274685,
    "total_return_pct": 421.44407112746853,
    "total_pnl": 421444.0711274686,
    "max_drawdown_pct": 27.175785568199203,
    "sharpe_ratio": 1.5711800274629788,
    "profit_factor": 1.6400059673353802,
    "total_trades": 157,
    "winning_trades": 59,
    "losing_trades": 98,
    "win_rate_pct": 37.57961783439491,
    "avg_win": 18304.14054971876,
    "avg_loss": 6719.390013325898,
    "win_loss_ratio": 2.7240777084553773,
    "expectancy": 2684.357140939291,
    "max_winning_streak": 5,
    "max_losing_streak": 13,
    "gross_profit": 1079944.2924334067,
    "gross_loss": 658500.221305938
  },
  "PosVol_Combined_AHours": {
    "strategy": "PosVol_Combined",
    "version": "AHours",
    "atr_period": 14,
    "rsi_period": 56,
    "sma_period": 200,
    "initial_capital": 100000,
    "final_equity": 448853.63920928247,
    "total_return_pct": 348.85363920928245,
    "total_pnl": 348853.63920928235,
    "max_drawdown_pct": 22.166635788591083,
    "sharpe_ratio": 1.401071322726764,
    "profit_factor": 1.7495530993923358,
    "total_trades": 180,
    "winning_trades": 80,
    "losing_trades": 100,
    "win_rate_pct": 44.44444444444444,
    "avg_win": 10178.364384853083,
    "avg_loss": 4654.155115789644,
    "win_loss_ratio": 2.1869413742404196,
    "expectancy": 1938.0757733849016,
    "max_winning_streak": 6,
    "max_losing_streak": 6,
    "gross_profit": 814269.1507882467,
    "gross_loss": 465415.51157896436
  },
  "MultiTP_30_AHours": {
    "strategy": "MultiTP_30",
    "version": "AHours",
    "atr_period": 14,
    "rsi_period": 56,
    "sma_period": 200,
    "initial_capital": 100000,
    "final_equity": 449640.4072240795,
    "total_return_pct": 349.64040722407947,
    "total_pnl": 160646.39997154323,
    "max_drawdown_pct": 21.528047541552223,
    "sharpe_ratio": 1.7546289618855695,
    "profit_factor": 1.2687921903527681,
    "total_trades": 157,
    "winning_trades": 59,
    "losing_trades": 98,
    "win_rate_pct": 37.57961783439491,
    "avg_win": 12852.65459792341,
    "avg_loss": 6098.5736867952855,
    "win_loss_ratio": 2.1074853331283268,
    "expectancy": 1023.225477525753,
    "max_winning_streak": 5,
    "max_losing_streak": 13,
    "gross_profit": 758306.6212774812,
    "gross_loss": 597660.221305938
  },
  "VolFilter_Adaptive_AHours": {
    "strategy": "VolFilter_Adaptive",
    "version": "AHours",
    "atr_period": 14,
    "rsi_period": 56,
    "sma_period": 200,
    "initial_capital": 100000,
    "final_equity": 431867.2596289311,
    "total_return_pct": 331.8672596289311,
    "total_pnl": 331867.259628931,
    "max_drawdown_pct": 31.491076644911626,
    "sharpe_ratio": 1.253606029987498,
    "profit_factor": 2.1439588177147764,
    "total_trades": 95,
    "winning_trades": 41,
    "losing_trades": 54,
    "win_rate_pct": 43.15789473684211,
    "avg_win": 15170.03564298159,
    "avg_loss": 5372.30003209841,
    "win_loss_ratio": 2.823750637965803,
    "expectancy": 3493.339575041379,
    "max_winning_streak": 4,
    "max_losing_streak": 6,
    "gross_profit": 621971.4613622451,
    "gross_loss": 290104.20173331414
  },
  "Conservative_AHours": {
    "strategy": "Conservative",
    "version": "AHours",
    "atr_period": 14,
    "rsi_period": 56,
    "sma_period": 200,
    "initial_capital": 100000,
    "final_equity": 411640.43022245023,
    "total_return_pct": 311.6404302224503,
    "total_pnl": 141419.42525553892,
    "max_drawdown_pct": 21.459594202488876,
    "sharpe_ratio": 1.749871171424224,
    "profit_factor": 1.4503229692253818,
    "total_trades": 100,
    "winning_trades": 47,
    "losing_trades": 53,
    "win_rate_pct": 47.0,
    "avg_win": 9690.626069266786,
    "avg_loss": 5925.2830188679245,
    "win_loss_ratio": 1.6354705823179838,
    "expectancy": 1414.1942525553889,
    "max_winning_streak": 4,
    "max_losing_streak": 7,
    "gross_profit": 455459.4252555389,
    "gross_loss": 314040.0
  }
}