{
  "Baseline_Tiered": {
    "strategy": "Baseline",
    "version": "Tiered_AHours",
    "initial_capital": 100000,
    "final_equity": 1433200.9231040573,
    "total_return_pct": 1333.2009231040572,
    "total_pnl": 1333200.9231040573,
    "max_drawdown_pct": 51.354366563870144,
    "max_drawdown_abs": 549799.9999999984,
    "sharpe_ratio": 1.3425694006613078,
    "profit_factor": 1.4120890655536866,
    "total_trades": 157,
    "winning_trades": 59,
    "losing_trades": 98,
    "win_rate_pct": 37.57961783439491,
    "avg_win": 77430.9509750114,
    "avg_loss": 33012.50188185322,
    "win_loss_ratio": 2.345503871597649,
    "expectancy": 8491.7256248666,
    "max_winning_streak": 5,
    "max_losing_streak": 13,
    "gross_profit": 4568426.107525672,
    "gross_loss": 3235225.184421615,
    "avg_risk_per_trade": 26733.28025477707
  },
  "PosVol_Combined_Tiered": {
    "strategy": "PosVol_Combined",
    "version": "Tiered_AHours",
    "initial_capital": 100000,
    "final_equity": 965573.9341331562,
    "total_return_pct": 865.5739341331563,
    "total_pnl": 865573.9341331561,
    "max_drawdown_pct": 35.08503985430272,
    "max_drawdown_abs": 193684.94210153783,
    "sharpe_ratio": 1.269875189732846,
    "profit_factor": 1.6335604889607687,
    "total_trades": 180,
    "winning_trades": 80,
    "losing_trades": 100,
    "win_rate_pct": 44.44444444444444,
    "avg_win": 27897.245087710366,
    "avg_loss": 13662.056728836733,
    "win_loss_ratio": 2.041950611200961,
    "expectancy": 4808.744078517533,
    "max_winning_streak": 6,
    "max_losing_streak": 6,
    "gross_profit": 2231779.6070168293,
    "gross_loss": 1366205.6728836733,
    "avg_risk_per_trade": 15990.972222222223
  },
  "MultiTP_30_Tiered": {
    "strategy": "MultiTP_30",
    "version": "Tiered_AHours",
    "initial_capital": 100000,
    "final_equity": 1076893.2661735846,
    "total_return_pct": 976.8932661735846,
    "total_pnl": 261618.15335244936,
    "max_drawdown_pct": 42.47479313133196,
    "max_drawdown_abs": 415799.1976594557,
    "sharpe_ratio": 1.4457566490437965,
    "profit_factor": 1.1007326327042342,
    "total_trades": 157,
    "winning_trades": 59,
    "losing_trades": 98,
    "win_rate_pct": 37.57961783439491,
    "avg_win": 48453.76419956041,
    "avg_loss": 26501.570759404236,
    "win_loss_ratio": 1.828335559407033,
    "expectancy": 1666.3576646652814,
    "max_winning_streak": 5,
    "max_losing_streak": 13,
    "gross_profit": 2858772.0877740644,
    "gross_loss": 2597153.934421615,
    "avg_risk_per_trade": 23604.299363057326
  },
  "VolFilter_Adaptive_Tiered": {
    "strategy": "VolFilter_Adaptive",
    "version": "Tiered_AHours",
    "initial_capital": 100000,
    "final_equity": 909261.1375649378,
    "total_return_pct": 809.2611375649378,
    "total_pnl": 809261.1375649377,
    "max_drawdown_pct": 32.294873899440454,
    "max_drawdown_abs": 110257.8708715018,
    "sharpe_ratio": 1.2593915730856637,
    "profit_factor": 2.2376443218755298,
    "total_trades": 95,
    "winning_trades": 41,
    "losing_trades": 54,
    "win_rate_pct": 43.15789473684211,
    "avg_win": 35686.17742790604,
    "avg_loss": 12108.743277392778,
    "win_loss_ratio": 2.9471413019824046,
    "expectancy": 8518.53829015724,
    "max_winning_streak": 4,
    "max_losing_streak": 6,
    "gross_profit": 1463133.2745441478,
    "gross_loss": 653872.13697921,
    "avg_risk_per_trade": 12906.578947368422
  },
  "Conservative_Tiered": {
    "strategy": "Conservative",
    "version": "Tiered_AHours",
    "initial_capital": 100000,
    "final_equity": 877284.0852535634,
    "total_return_pct": 777.2840852535634,
    "total_pnl": 356592.13904915896,
    "max_drawdown_pct": 30.259931791500843,
    "max_drawdown_abs": 129998.62895788508,
    "sharpe_ratio": 1.6067346660984179,
    "profit_factor": 1.4236293684613206,
    "total_trades": 100,
    "winning_trades": 47,
    "losing_trades": 53,
    "win_rate_pct": 47.0,
    "avg_win": 25496.747639343805,
    "avg_loss": 15882.169811320755,
    "win_loss_ratio": 1.6053692878393613,
    "expectancy": 3565.921390491589,
    "max_winning_streak": 4,
    "max_losing_streak": 7,
    "gross_profit": 1198347.139049159,
    "gross_loss": 841755.0,
    "avg_risk_per_trade": 15152.5
  }
}