{
  "Baseline_TieredStreak": {
    "strategy": "Baseline",
    "version": "TieredStreak_AHours",
    "initial_capital": 100000,
    "final_equity": 1556291.1539013714,
    "total_return_pct": 1456.2911539013714,
    "total_pnl": 1456291.1539013714,
    "max_drawdown_pct": 36.894861846567025,
    "max_drawdown_abs": 552255.9999999981,
    "sharpe_ratio": 1.4732262728637604,
    "profit_factor": 1.464029042770493,
    "total_trades": 157,
    "winning_trades": 59,
    "losing_trades": 98,
    "win_rate_pct": 37.57961783439491,
    "avg_win": 77875.47861564383,
    "avg_loss": 32024.10290226138,
    "win_loss_ratio": 2.431777054093361,
    "expectancy": 9275.739833766695,
    "max_winning_streak": 5,
    "max_losing_streak": 13,
    "gross_profit": 4594653.238322986,
    "gross_loss": 3138362.084421615,
    "avg_base_risk": 30192.67515923567,
    "avg_adjusted_risk": 26152.093949044585,
    "trades_with_reduction": 44,
    "reduction_trade_pct": 28.02547770700637
  },
  "PosVol_Combined_TieredStreak": {
    "strategy": "PosVol_Combined",
    "version": "TieredStreak_AHours",
    "initial_capital": 100000,
    "final_equity": 644638.0440660135,
    "total_return_pct": 544.6380440660135,
    "total_pnl": 544638.0440660137,
    "max_drawdown_pct": 35.12419808345897,
    "max_drawdown_abs": 185064.21318376623,
    "sharpe_ratio": 1.1168818213025724,
    "profit_factor": 1.4901946726518451,
    "total_trades": 180,
    "winning_trades": 80,
    "losing_trades": 100,
    "win_rate_pct": 44.44444444444444,
    "avg_win": 20696.28550326819,
    "avg_loss": 11110.647961954419,
    "win_loss_ratio": 1.8627433408148062,
    "expectancy": 3025.766911477852,
    "max_winning_streak": 6,
    "max_losing_streak": 6,
    "gross_profit": 1655702.8402614554,
    "gross_loss": 1111064.7961954419,
    "avg_base_risk": 13649.305555555555,
    "avg_adjusted_risk": 12811.25,
    "trades_with_reduction": 29,
    "reduction_trade_pct": 16.11111111111111
  },
  "MultiTP_30_TieredStreak": {
    "strategy": "MultiTP_30",
    "version": "TieredStreak_AHours",
    "initial_capital": 100000,
    "final_equity": 946717.3365641584,
    "total_return_pct": 846.7173365641584,
    "total_pnl": 233200.55246961076,
    "max_drawdown_pct": 36.419461130233486,
    "max_drawdown_abs": 362231.61791526456,
    "sharpe_ratio": 1.4942212882560624,
    "profit_factor": 1.1051964988547462,
    "total_trades": 157,
    "winning_trades": 59,
    "losing_trades": 98,
    "win_rate_pct": 37.57961783439491,
    "avg_win": 41525.58676934281,
    "avg_loss": 22620.500682873622,
    "win_loss_ratio": 1.8357501167417818,
    "expectancy": 1485.3538373860554,
    "max_winning_streak": 5,
    "max_losing_streak": 13,
    "gross_profit": 2450009.6193912257,
    "gross_loss": 2216809.066921615,
    "avg_base_risk": 23312.101910828027,
    "avg_adjusted_risk": 20183.702229299364,
    "trades_with_reduction": 44,
    "reduction_trade_pct": 28.02547770700637
  },
  "VolFilter_Adaptive_TieredStreak": {
    "strategy": "VolFilter_Adaptive",
    "version": "TieredStreak_AHours",
    "initial_capital": 100000,
    "final_equity": 828294.8086031672,
    "total_return_pct": 728.2948086031672,
    "total_pnl": 728294.8086031672,
    "max_drawdown_pct": 28.77903338266628,
    "max_drawdown_abs": 109035.90635794372,
    "sharpe_ratio": 1.242744364586905,
    "profit_factor": 2.2240655030619494,
    "total_trades": 95,
    "winning_trades": 41,
    "losing_trades": 54,
    "win_rate_pct": 43.15789473684211,
    "avg_win": 32275.001620133055,
    "avg_loss": 11018.152922634963,
    "win_loss_ratio": 2.929257004032811,
    "expectancy": 7666.261143191235,
    "max_winning_streak": 4,
    "max_losing_streak": 6,
    "gross_profit": 1323275.0664254553,
    "gross_loss": 594980.257822288,
    "avg_base_risk": 12653.947368421053,
    "avg_adjusted_risk": 11831.315789473685,
    "trades_with_reduction": 15,
    "reduction_trade_pct": 15.789473684210526
  },
  "Conservative_TieredStreak": {
    "strategy": "Conservative",
    "version": "TieredStreak_AHours",
    "initial_capital": 100000,
    "final_equity": 875149.5072745405,
    "total_return_pct": 775.1495072745405,
    "total_pnl": 353712.1616509784,
    "max_drawdown_pct": 24.979600377854887,
    "max_drawdown_abs": 126221.18299299548,
    "sharpe_ratio": 1.6455844450921033,
    "profit_factor": 1.42314571964118,
    "total_trades": 100,
    "winning_trades": 47,
    "losing_trades": 53,
    "win_rate_pct": 47.0,
    "avg_win": 25311.13109895699,
    "avg_loss": 15771.905660377359,
    "win_loss_ratio": 1.60482389661665,
    "expectancy": 3537.121616509785,
    "max_winning_streak": 4,
    "max_losing_streak": 7,
    "gross_profit": 1189623.1616509785,
    "gross_loss": 835911.0,
    "avg_base_risk": 15838.75,
    "avg_adjusted_risk": 15018.75,
    "trades_with_reduction": 15,
    "reduction_trade_pct": 15.0
  }
}