{
  "Adaptive_Baseline": {
    "strategy": "Adaptive_Baseline",
    "version": "Adaptive_TieredStreak_AHours",
    "initial_capital": 100000,
    "final_equity": 741903.729939054,
    "total_return_pct": 641.9037299390541,
    "total_pnl": 641903.729939054,
    "max_drawdown_pct": 27.022706189811363,
    "max_drawdown_abs": 118475.99999999953,
    "sharpe_ratio": 24.449837361368107,
    "profit_factor": 2.4367277310209157,
    "total_trades": 62,
    "winning_trades": 28,
    "losing_trades": 34,
    "win_rate_pct": 45.16129032258064,
    "avg_win": 38881.62428353764,
    "avg_loss": 13140.639705882353,
    "win_loss_ratio": 2.95888367338254,
    "expectancy": 10353.285966758933,
    "max_winning_streak": 4,
    "max_losing_streak": 7,
    "gross_profit": 1088685.479939054,
    "gross_loss": 446781.75,
    "blocked_by_adx": 27539,
    "blocked_by_pos_threshold": 10696,
    "blocked_by_cooldown": 192,
    "blocked_by_hh_hl": 0,
    "blocked_by_pos_momentum": 0
  },
  "Adaptive_Conservative": {
    "strategy": "Adaptive_Conservative",
    "version": "Adaptive_TieredStreak_AHours",
    "initial_capital": 100000,
    "final_equity": 453505.6607687567,
    "total_return_pct": 353.5056607687567,
    "total_pnl": 353505.6607687567,
    "max_drawdown_pct": 24.81374119338225,
    "max_drawdown_abs": 64256.235060567036,
    "sharpe_ratio": 19.888731338837008,
    "profit_factor": 1.6367968617865234,
    "total_trades": 65,
    "winning_trades": 31,
    "losing_trades": 34,
    "win_rate_pct": 47.69230769230769,
    "avg_win": 16104.523522965754,
    "avg_loss": 8970.89705882353,
    "win_loss_ratio": 1.7951965580884448,
    "expectancy": 2988.1496801836684,
    "max_winning_streak": 4,
    "max_losing_streak": 5,
    "gross_profit": 499240.2292119384,
    "gross_loss": 305010.5,
    "blocked_by_adx": 27626,
    "blocked_by_pos_threshold": 10583,
    "blocked_by_cooldown": 48,
    "blocked_by_hh_hl": 0,
    "blocked_by_pos_momentum": 0
  },
  "Adaptive_ADX_Only": {
    "strategy": "Adaptive_ADX_Only",
    "version": "Adaptive_TieredStreak_AHours",
    "initial_capital": 100000,
    "final_equity": 651495.2707951345,
    "total_return_pct": 551.4952707951345,
    "total_pnl": 551495.2707951345,
    "max_drawdown_pct": 33.68360655737717,
    "max_drawdown_abs": 100131.75,
    "sharpe_ratio": 21.550717645171108,
    "profit_factor": 2.3465497468822085,
    "total_trades": 72,
    "winning_trades": 28,
    "losing_trades": 44,
    "win_rate_pct": 38.88888888888889,
    "avg_win": 34323.46502839766,
    "avg_loss": 9308.22159090909,
    "win_loss_ratio": 3.6874353165291853,
    "expectancy": 7659.656538821314,
    "max_winning_streak": 4,
    "max_losing_streak": 9,
    "gross_profit": 961057.0207951344,
    "gross_loss": 409561.75,
    "blocked_by_adx": 27605,
    "blocked_by_pos_threshold": 9908,
    "blocked_by_cooldown": 0,
    "blocked_by_hh_hl": 0,
    "blocked_by_pos_momentum": 0
  },
  "Adaptive_ProgPos_Only": {
    "strategy": "Adaptive_ProgPos_Only",
    "version": "Adaptive_TieredStreak_AHours",
    "initial_capital": 100000,
    "final_equity": 1854476.026622013,
    "total_return_pct": 1754.476026622013,
    "total_pnl": 1754476.026622013,
    "max_drawdown_pct": 24.13351877607805,
    "max_drawdown_abs": 278574.99999999837,
    "sharpe_ratio": 21.206667380796542,
    "profit_factor": 2.062608788141265,
    "total_trades": 94,
    "winning_trades": 41,
    "losing_trades": 53,
    "win_rate_pct": 43.61702127659575,
    "avg_win": 83062.89089321984,
    "avg_loss": 31152.877358490565,
    "win_loss_ratio": 2.666299165158221,
    "expectancy": 18664.638581085255,
    "max_winning_streak": 4,
    "max_losing_streak": 5,
    "gross_profit": 3405578.526622013,
    "gross_loss": 1651102.5,
    "blocked_by_adx": 0,
    "blocked_by_pos_threshold": 14501,
    "blocked_by_cooldown": 144,
    "blocked_by_hh_hl": 0,
    "blocked_by_pos_momentum": 0
  },
  "Sequential_Regime": {
    "strategy": "Sequential_Regime",
    "version": "Adaptive_TieredStreak_AHours",
    "initial_capital": 100000,
    "final_equity": 118312.49999999971,
    "total_return_pct": 18.31249999999971,
    "total_pnl": 18312.49999999971,
    "max_drawdown_pct": 8.888888888888907,
    "max_drawdown_abs": 10000.0,
    "sharpe_ratio": 31.953703462082103,
    "profit_factor": 2.831249999999972,
    "total_trades": 4,
    "winning_trades": 2,
    "losing_trades": 2,
    "win_rate_pct": 50.0,
    "avg_win": 14156.24999999986,
    "avg_loss": 5000.0,
    "win_loss_ratio": 2.831249999999972,
    "expectancy": 4578.12499999993,
    "max_winning_streak": 1,
    "max_losing_streak": 2,
    "gross_profit": 28312.49999999972,
    "gross_loss": 10000.0,
    "blocked_by_adx": 27918,
    "blocked_by_pos_threshold": 3652,
    "blocked_by_cooldown": 0,
    "blocked_by_hh_hl": 27411,
    "blocked_by_pos_momentum": 603
  }
}