{
  "Baseline_AllHours": {
    "strategy": "Baseline",
    "version": "AllHours",
    "atr_period": 14,
    "rsi_period": 56,
    "sma_period": 200,
    "initial_capital": 100000,
    "final_equity": 614211.3902799546,
    "total_return_pct": 514.2113902799547,
    "total_pnl": 514211.3902799548,
    "max_drawdown_pct": 36.25138192304886,
    "sharpe_ratio": 1.4703982733524914,
    "profit_factor": 1.4443965879633143,
    "total_trades": 262,
    "winning_trades": 90,
    "losing_trades": 172,
    "win_rate_pct": 34.35114503816794,
    "avg_win": 18570.12901762103,
    "avg_loss": 6727.3268680577785,
    "win_loss_ratio": 2.760402368107668,
    "expectancy": 1962.6388941983007,
    "max_winning_streak": 6,
    "max_losing_streak": 18,
    "gross_profit": 1671311.6115858927,
    "gross_loss": 1157100.221305938
  },
  "PosVol_Combined_AllHours": {
    "strategy": "PosVol_Combined",
    "version": "AllHours",
    "atr_period": 14,
    "rsi_period": 56,
    "sma_period": 200,
    "initial_capital": 100000,
    "final_equity": 518170.24472623644,
    "total_return_pct": 418.17024472623643,
    "total_pnl": 418170.24472623615,
    "max_drawdown_pct": 24.158073526179358,
    "sharpe_ratio": 1.3373232009157034,
    "profit_factor": 1.45110383222744,
    "total_trades": 317,
    "winning_trades": 124,
    "losing_trades": 193,
    "win_rate_pct": 39.11671924290221,
    "avg_win": 10848.093364481014,
    "avg_loss": 4803.0742614995315,
    "win_loss_ratio": 2.258572900160451,
    "expectancy": 1319.1490369912815,
    "max_winning_streak": 5,
    "max_losing_streak": 7,
    "gross_profit": 1345163.5771956458,
    "gross_loss": 926993.3324694096
  },
  "MultiTP_30_AllHours": {
    "strategy": "MultiTP_30",
    "version": "AllHours",
    "atr_period": 14,
    "rsi_period": 56,
    "sma_period": 200,
    "initial_capital": 100000,
    "final_equity": 500758.9133513325,
    "total_return_pct": 400.7589133513325,
    "total_pnl": 105283.52337828353,
    "max_drawdown_pct": 32.319144017853,
    "sharpe_ratio": 1.538388443771592,
    "profit_factor": 1.0996549876230908,
    "total_trades": 261,
    "winning_trades": 89,
    "losing_trades": 172,
    "win_rate_pct": 34.099616858237546,
    "avg_win": 13053.525221171027,
    "avg_loss": 6142.3268680577785,
    "win_loss_ratio": 2.1251759311367597,
    "expectancy": 403.3851470432317,
    "max_winning_streak": 6,
    "max_losing_streak": 18,
    "gross_profit": 1161763.7446842215,
    "gross_loss": 1056480.221305938
  },
  "VolFilter_Adaptive_AllHours": {
    "strategy": "VolFilter_Adaptive",
    "version": "AllHours",
    "atr_period": 14,
    "rsi_period": 56,
    "sma_period": 200,
    "initial_capital": 100000,
    "final_equity": 446772.6733531301,
    "total_return_pct": 346.77267335313013,
    "total_pnl": 346772.6733531299,
    "max_drawdown_pct": 32.80820127111697,
    "sharpe_ratio": 1.0871109936271186,
    "profit_factor": 1.4465105881735187,
    "total_trades": 211,
    "winning_trades": 75,
    "losing_trades": 136,
    "win_rate_pct": 35.54502369668246,
    "avg_win": 14978.677086439235,
    "avg_loss": 5710.500795072153,
    "win_loss_ratio": 2.623005866554647,
    "expectancy": 1643.4723855598572,
    "max_winning_streak": 7,
    "max_losing_streak": 10,
    "gross_profit": 1123400.7814829426,
    "gross_loss": 776628.1081298128
  },
  "Conservative_AllHours": {
    "strategy": "Conservative",
    "version": "AllHours",
    "atr_period": 14,
    "rsi_period": 56,
    "sma_period": 200,
    "initial_capital": 100000,
    "final_equity": 478282.98717093625,
    "total_return_pct": 378.2829871709362,
    "total_pnl": 62237.01896909624,
    "max_drawdown_pct": 28.268534244783062,
    "sharpe_ratio": 1.543375386126179,
    "profit_factor": 1.085387195380716,
    "total_trades": 208,
    "winning_trades": 88,
    "losing_trades": 120,
    "win_rate_pct": 42.30769230769231,
    "avg_win": 8989.966124648821,
    "avg_loss": 6074.0,
    "win_loss_ratio": 1.4800734482464308,
    "expectancy": 299.21643735142425,
    "max_winning_streak": 6,
    "max_losing_streak": 8,
    "gross_profit": 791117.0189690962,
    "gross_loss": 728880.0
  }
}